,date,open,close
0,2010-01-04,8.149,7.88
1,2010-01-05,7.893,7.743
2,2010-01-06,7.727,7.61
3,2010-01-07,7.61,7.527
4,2010-01-08,7.477,7.511
5,2010-01-11,7.81,7.511
6,2010-01-12,7.501,7.461
7,2010-01-13,7.268,6.966
8,2010-01-14,6.979,6.969
9,2010-01-15,6.986,7.122
10,2010-01-18,7.122,7.135
11,2010-01-19,7.172,7.388
12,2010-01-20,7.384,7.105
13,2010-01-21,7.172,7.537
14,2010-01-22,7.457,7.67
15,2010-01-25,7.511,7.374
16,2010-01-26,7.374,7.328
17,2010-01-27,7.441,7.281
18,2010-01-28,7.245,7.228
19,2010-01-29,7.175,7.212
20,2010-02-01,7.215,7.059
21,2010-02-02,7.065,7.102
22,2010-02-03,7.155,7.504
23,2010-02-04,7.421,7.378
24,2010-02-05,7.185,7.311
25,2010-02-08,7.271,7.165
26,2010-02-09,7.178,7.311
27,2010-02-10,7.378,7.404
28,2010-02-11,7.381,7.348
29,2010-02-12,7.368,7.461
30,2010-02-22,7.414,7.344
31,2010-02-23,7.321,7.162
32,2010-02-24,7.115,7.215
33,2010-02-25,7.202,7.361
34,2010-02-26,7.315,7.461
35,2010-03-02,7.607,7.68
36,2010-03-03,7.68,7.743
37,2010-03-04,7.75,7.677
38,2010-03-05,7.677,7.733
39,2010-03-08,7.75,7.926
40,2010-03-09,7.936,7.916
41,2010-03-10,7.88,7.776
42,2010-03-11,7.826,7.863
43,2010-03-12,7.826,7.62
44,2010-03-15,7.604,7.441
45,2010-03-16,7.441,7.494
46,2010-03-17,7.517,7.707
47,2010-03-18,7.727,7.66
48,2010-03-19,7.66,7.657
49,2010-03-22,7.62,7.693
50,2010-03-23,7.71,7.587
51,2010-03-24,7.594,7.577
52,2010-03-25,7.564,7.411
53,2010-03-26,7.411,7.58
54,2010-03-29,7.63,7.83
55,2010-03-30,7.853,7.86
56,2010-03-31,7.86,7.71
57,2010-04-01,7.733,7.776
58,2010-04-02,7.796,7.786
59,2010-04-06,7.83,7.767
60,2010-04-07,7.76,7.594
61,2010-04-08,7.584,7.501
62,2010-04-09,7.501,7.531
63,2010-04-12,7.551,7.341
64,2010-04-13,7.368,7.444
65,2010-04-14,7.444,7.388
66,2010-04-15,7.404,7.444
67,2010-04-16,7.404,7.315
68,2010-04-19,7.162,6.673
69,2010-04-20,6.686,6.57
70,2010-04-21,6.583,6.69
71,2010-04-22,6.647,6.51
72,2010-04-23,6.527,6.7
73,2010-04-26,6.647,6.627
74,2010-04-27,6.573,6.597
75,2010-04-28,6.56,6.693
76,2010-04-29,6.753,6.703
77,2010-04-30,6.73,6.833
78,2010-05-04,6.68,6.647
79,2010-05-05,6.676,6.613
80,2010-05-06,6.544,6.115
81,2010-05-07,5.992,6.068
82,2010-05-10,6.098,6.125
83,2010-05-11,6.268,5.806
84,2010-05-12,5.749,6.018
85,2010-05-13,5.985,6.208
86,2010-05-14,6.208,6.098
87,2010-05-17,5.982,5.793
88,2010-05-18,5.816,5.972
89,2010-05-19,5.896,5.902
90,2010-05-20,5.839,5.832
91,2010-05-21,5.683,5.922
92,2010-05-24,5.955,6.112
93,2010-05-25,6.048,5.912
94,2010-05-26,5.942,5.949
95,2010-05-27,5.939,6.005
96,2010-05-28,6.065,6.009
97,2010-05-31,5.949,5.819
98,2010-06-01,5.793,5.749
99,2010-06-02,5.733,5.726
100,2010-06-03,5.753,5.723
101,2010-06-04,5.719,5.749
102,2010-06-07,5.683,5.62
103,2010-06-08,5.623,5.55
104,2010-06-09,5.58,5.872
105,2010-06-10,5.739,5.686
106,2010-06-11,5.719,5.699
107,2010-06-18,5.713,5.756
108,2010-06-21,5.753,6.082
109,2010-06-22,6.065,6.158
110,2010-06-23,6.082,6.098
111,2010-06-24,6.082,6.158
112,2010-06-25,6.112,6.018
113,2010-06-28,5.999,6.145
114,2010-06-29,6.158,5.819
115,2010-09-02,6.314,6.045
116,2010-09-03,6.038,5.902
117,2010-09-06,5.935,6.048
118,2010-09-07,6.095,5.995
119,2010-09-08,5.952,5.866
120,2010-09-09,5.866,5.723
121,2010-09-10,5.703,5.716
122,2010-09-13,5.719,5.68
123,2010-09-14,5.699,5.709
124,2010-09-15,5.716,5.623
125,2010-09-16,5.65,5.527
126,2010-09-17,5.54,5.533
127,2010-09-20,5.54,5.55
128,2010-09-21,5.576,5.52
129,2010-09-27,5.53,5.547
130,2010-09-28,5.54,5.404
131,2010-09-29,5.39,5.39
132,2010-10-08,5.55,5.723
133,2010-10-11,5.756,5.995
134,2010-10-12,6.002,5.972
135,2010-10-13,5.979,6.161
136,2010-10-14,6.198,6.095
137,2010-10-15,6.048,6.364
138,2010-10-18,6.447,6.371
139,2010-10-19,6.354,6.497
140,2010-10-20,6.364,6.47
141,2010-10-21,6.47,6.264
142,2010-10-22,6.165,6.155
143,2010-10-25,6.165,6.284
144,2010-10-26,6.314,6.201
145,2010-10-27,6.178,6.168
146,2010-10-28,6.181,6.238
147,2010-10-29,6.244,6.118
148,2010-11-01,6.145,6.171
149,2010-11-02,6.171,6.201
150,2010-11-03,6.191,6.331
151,2010-11-04,6.291,6.288
152,2010-11-05,6.347,6.291
153,2010-11-08,6.304,6.361
154,2010-11-09,6.367,6.198
155,2010-11-10,6.161,6.025
156,2010-11-11,6.048,6.128
157,2010-11-12,6.052,5.713
158,2010-11-15,5.733,5.753
159,2010-11-16,5.749,5.55
160,2010-11-17,5.507,5.583
161,2010-11-18,5.626,5.709
162,2010-11-19,5.716,5.653
163,2010-11-22,5.583,5.543
164,2010-11-23,5.51,5.5
165,2010-11-24,5.467,5.57
166,2010-11-25,5.586,5.633
167,2010-11-26,5.626,5.547
168,2010-11-29,5.513,5.557
169,2010-11-30,5.533,5.447
170,2010-12-01,5.447,5.48
171,2010-12-02,5.553,5.487
172,2010-12-03,5.503,5.507
173,2010-12-06,5.517,5.563
174,2010-12-07,5.547,5.56
175,2010-12-08,5.55,5.48
176,2010-12-09,5.473,5.387
177,2010-12-10,5.384,5.43
178,2010-12-13,5.434,5.523
179,2010-12-14,5.523,5.497
180,2010-12-15,5.517,5.513
181,2010-12-16,5.523,5.467
182,2010-12-17,5.467,5.434
183,2010-12-20,5.447,5.36
184,2010-12-21,5.374,5.507
185,2010-12-22,5.52,5.394
186,2010-12-24,5.384,5.463
187,2010-12-27,5.523,5.341
188,2010-12-28,5.344,5.301
189,2010-12-29,5.301,5.241
190,2010-12-30,5.241,5.208
191,2010-12-31,5.211,5.247
192,2011-01-04,5.257,5.324
193,2011-01-05,5.314,5.294
194,2011-01-06,5.294,5.254
195,2011-01-07,5.251,5.454
196,2011-01-10,5.394,5.311
197,2011-01-11,5.284,5.38
198,2011-01-12,5.394,5.45
199,2011-01-13,5.477,5.43
200,2011-01-14,5.414,5.314
201,2011-01-17,5.254,5.111
202,2011-01-18,5.118,5.098
203,2011-01-19,5.101,5.148
204,2011-01-20,5.144,4.958
205,2011-01-21,4.942,5.035
206,2011-01-24,5.035,5.002
207,2011-01-25,5.022,5.041
208,2011-01-26,5.035,5.071
209,2011-01-27,5.035,5.095
210,2011-01-28,5.091,5.051
211,2011-01-31,5.051,5.088
212,2011-02-01,5.091,5.131
213,2011-02-09,5.101,5.068
214,2011-02-10,5.068,5.134
215,2011-02-11,5.111,5.151
216,2011-02-14,5.148,5.317
217,2011-02-15,5.321,5.257
218,2011-02-16,5.254,5.277
219,2011-02-17,5.304,5.311
220,2011-02-18,5.284,5.311
221,2011-02-21,5.251,5.307
222,2011-02-22,5.311,5.141
223,2011-02-23,5.148,5.178
224,2011-02-24,5.178,5.171
225,2011-02-25,5.188,5.281
226,2011-02-28,5.254,5.294
227,2011-03-01,5.301,5.331
228,2011-03-02,5.301,5.377
229,2011-03-03,5.384,5.45
230,2011-03-04,5.467,5.543
231,2011-03-07,5.576,5.563
232,2011-03-08,5.563,5.533
233,2011-03-09,5.55,5.547
234,2011-03-10,5.517,5.4
235,2011-03-11,5.377,5.334
236,2011-03-14,5.317,5.374
237,2011-03-15,5.324,5.264
238,2011-03-16,5.271,5.301
239,2011-03-17,5.257,5.221
240,2011-03-18,5.281,5.261
241,2011-03-21,5.251,5.241
242,2011-03-22,5.261,5.321
243,2011-03-23,5.304,5.351
244,2011-03-24,5.347,5.311
245,2011-03-25,5.311,5.404
246,2011-03-28,5.44,5.427
247,2011-03-29,5.437,5.483
248,2011-03-30,5.477,5.444
249,2011-03-31,5.444,5.344
250,2011-04-01,5.344,5.507
251,2011-04-06,5.517,5.65
252,2011-04-07,5.65,5.716
253,2011-04-08,5.703,5.706
254,2011-04-11,5.709,5.66
255,2011-04-12,5.683,5.67
256,2011-04-13,5.65,5.999
257,2011-04-14,6.138,6.045
258,2011-04-15,6.052,6.225
259,2011-04-18,6.205,6.271
260,2011-04-19,6.191,6.125
261,2011-04-20,6.125,6.005
262,2011-04-21,6.048,6.022
263,2011-04-22,5.982,5.935
264,2011-04-25,5.942,6.009
265,2011-04-26,5.995,6.122
266,2011-04-27,6.125,6.075
267,2011-04-28,6.122,6.188
268,2011-04-29,6.181,6.048
269,2011-05-03,6.032,6.055
270,2011-05-04,5.982,5.935
271,2011-05-05,5.859,5.892
272,2011-05-06,5.832,5.829
273,2011-05-13,5.816,5.872
274,2011-05-16,5.802,5.699
275,2011-05-17,5.699,5.935
276,2011-05-18,5.896,6.018
277,2011-05-19,6.038,5.959
278,2011-05-20,5.955,6.095
279,2011-05-23,6.072,5.949
280,2011-05-24,5.915,6.035
281,2011-05-26,5.959,5.912
282,2011-05-27,5.882,5.849
283,2011-05-30,5.806,5.839
284,2011-05-31,5.839,5.869
285,2011-06-01,5.866,5.793
286,2011-06-02,5.716,5.55
287,2011-06-03,5.52,5.553
288,2011-06-07,5.5,5.6
289,2011-06-08,5.59,5.547
290,2011-06-09,5.517,5.5
291,2011-06-10,5.487,5.493
292,2011-06-13,5.447,5.42
293,2011-06-14,5.417,5.487
294,2011-06-15,5.47,5.404
295,2011-06-16,5.364,5.307
296,2011-06-17,5.331,5.281
297,2011-06-20,5.284,5.324
298,2011-06-21,5.337,5.41
299,2011-06-22,5.417,5.404
300,2011-06-23,5.384,5.517
301,2011-06-24,5.49,5.646
302,2011-06-27,5.643,5.68
303,2011-06-28,5.783,5.663
304,2011-06-29,5.693,5.527
305,2011-06-30,5.547,5.673
306,2011-07-01,5.699,5.626
307,2011-07-04,5.646,5.832
308,2011-07-05,5.816,5.783
309,2011-07-06,5.753,5.729
310,2011-07-07,5.816,5.746
311,2011-07-08,5.746,5.822
312,2011-07-11,5.779,5.783
313,2011-07-12,5.739,5.65
314,2011-07-13,5.733,5.829
315,2011-07-14,5.839,5.842
316,2011-07-15,5.832,5.979
317,2011-07-18,5.982,5.962
318,2011-07-19,5.899,5.829
319,2011-07-20,5.879,5.829
320,2011-07-21,5.822,5.709
321,2011-07-22,5.733,5.719
322,2011-07-25,5.683,5.606
323,2011-07-26,5.61,5.726
324,2011-07-27,5.666,5.709
325,2011-07-28,5.653,5.6
326,2011-07-29,5.623,5.763
327,2011-08-01,5.716,5.716
328,2011-08-02,5.666,5.65
329,2011-08-03,5.576,5.603
330,2011-08-04,5.613,5.613
331,2011-08-05,5.497,5.417
332,2011-08-08,5.39,5.317
333,2011-08-09,5.231,5.327
334,2011-08-10,5.4,5.347
335,2011-08-11,5.261,5.46
336,2011-08-12,5.48,5.53
337,2011-08-15,5.533,5.693
338,2011-08-16,5.68,5.666
339,2011-08-18,5.676,5.56
340,2011-08-19,5.45,5.517
341,2011-08-22,5.497,5.457
342,2011-08-23,5.463,5.53
343,2011-08-24,5.543,5.447
344,2011-08-25,5.483,5.763
345,2011-08-26,5.716,5.776
346,2011-08-29,5.65,5.557
347,2011-08-30,5.59,5.543
348,2011-08-31,5.55,5.6
349,2011-09-01,5.6,5.626
350,2011-09-05,5.517,5.467
351,2011-09-06,5.434,5.437
352,2011-09-07,5.48,5.537
353,2011-09-08,5.537,5.507
354,2011-09-09,5.533,5.477
355,2011-09-13,5.384,5.49
356,2011-09-14,5.497,5.457
357,2011-09-15,5.467,5.503
358,2011-09-16,5.533,5.65
359,2011-09-19,5.586,5.517
360,2011-09-20,5.5,5.563
361,2011-09-21,5.563,5.67
362,2011-09-22,5.61,5.55
363,2011-09-23,5.454,5.523
364,2011-09-26,5.46,5.331
365,2011-09-27,5.384,5.374
366,2011-09-28,5.41,5.317
367,2011-09-29,5.284,5.331
368,2011-09-30,5.344,5.331
369,2011-10-10,5.301,5.151
370,2011-10-11,5.317,5.201
371,2011-10-12,5.168,5.437
372,2011-10-13,5.4,5.434
373,2011-10-14,5.414,5.437
374,2011-10-17,5.477,5.497
375,2011-10-18,5.454,5.324
376,2011-10-19,5.354,5.337
377,2011-10-20,5.317,5.251
378,2011-10-21,5.284,5.327
379,2011-10-24,5.351,5.493
380,2011-10-25,5.49,5.53
381,2011-10-26,5.533,5.567
382,2011-10-27,5.573,5.557
383,2011-10-28,5.65,5.66
384,2011-10-31,5.66,5.61
385,2011-11-01,5.57,5.6
386,2011-11-02,5.53,5.689
387,2011-11-03,5.686,5.61
388,2011-11-04,5.65,5.643
389,2011-11-07,5.6,5.557
390,2011-11-08,5.563,5.563
391,2011-11-09,5.58,5.63
392,2011-11-10,5.576,5.576
393,2011-11-11,5.573,5.507
394,2011-11-14,5.543,5.56
395,2011-11-15,5.543,5.473
396,2011-11-16,5.473,5.327
397,2011-11-17,5.344,5.311
398,2011-11-18,5.281,5.301
399,2011-11-21,5.307,5.301
400,2011-11-22,5.284,5.334
401,2011-11-23,5.351,5.238
402,2011-11-24,5.221,5.264
403,2011-11-25,5.228,5.247
404,2011-11-28,5.257,5.244
405,2011-11-29,5.297,5.304
406,2011-11-30,5.301,5.154
407,2011-12-01,5.294,5.277
408,2011-12-02,5.254,5.304
409,2011-12-05,5.297,5.301
410,2011-12-07,5.284,5.334
411,2011-12-08,5.334,5.297
412,2011-12-09,5.277,5.267
413,2011-12-12,5.271,5.264
414,2011-12-13,5.251,5.271
415,2011-12-14,5.211,5.184
416,2011-12-15,5.154,5.085
417,2011-12-16,5.012,5.078
418,2011-12-19,5.041,5.101
419,2011-12-20,5.085,5.095
420,2011-12-21,5.141,5.098
421,2011-12-22,5.088,5.134
422,2011-12-23,5.128,5.125
423,2011-12-26,5.118,5.125
424,2011-12-27,5.121,5.144
425,2011-12-28,5.125,5.085
426,2011-12-29,5.068,5.088
427,2011-12-30,5.101,5.181
428,2012-01-04,5.181,5.038
429,2012-01-05,5.038,5.115
430,2012-01-06,5.101,5.101
431,2012-01-09,5.105,5.244
432,2012-01-20,5.56,5.576
433,2012-01-30,5.586,5.553
434,2012-01-31,5.557,5.53
435,2012-02-01,5.51,5.467
436,2012-02-02,5.483,5.623
437,2012-02-03,5.603,5.646
438,2012-02-06,5.65,5.593
439,2012-02-07,5.563,5.513
440,2012-02-08,5.51,5.616
441,2012-02-10,5.583,5.62
442,2012-02-13,5.58,5.543
443,2012-02-14,5.533,5.517
444,2012-02-15,5.513,5.523
445,2012-02-16,5.523,5.467
446,2012-02-17,5.497,5.467
447,2012-02-20,5.563,5.467
448,2012-02-21,5.477,5.48
449,2012-02-22,5.48,5.523
450,2012-02-23,5.523,5.527
451,2012-02-24,5.547,5.606
452,2012-02-27,5.616,5.623
453,2012-02-28,5.626,5.733
454,2012-02-29,5.739,5.683
455,2012-03-01,5.676,5.726
456,2012-03-02,5.726,5.809
457,2012-03-05,5.826,5.739
458,2012-03-06,5.719,5.633
459,2012-03-07,5.583,5.583
460,2012-03-08,5.623,5.66
461,2012-03-09,5.616,5.606
462,2012-03-12,5.61,5.55
463,2012-03-13,5.567,5.6
464,2012-03-14,5.623,5.477
465,2012-03-15,5.48,5.4
466,2012-03-16,5.407,5.45
467,2012-03-19,5.43,5.434
468,2012-03-20,5.424,5.341
469,2012-03-21,5.384,5.351
470,2012-03-22,5.354,5.38
471,2012-03-23,5.354,5.321
472,2012-03-26,5.324,5.331
473,2012-03-27,5.354,5.341
474,2012-03-28,5.337,5.244
475,2012-03-29,5.244,5.174
476,2012-03-30,5.194,5.221
477,2012-04-05,5.221,5.231
478,2012-04-06,5.218,5.314
479,2012-04-09,5.284,5.234
480,2012-04-10,5.224,5.277
481,2012-04-11,5.211,5.261
482,2012-04-12,5.264,5.427
483,2012-04-13,5.434,5.417
484,2012-04-16,5.38,5.377
485,2012-04-17,5.364,5.314
486,2012-04-18,5.324,5.404
487,2012-04-19,5.417,5.437
488,2012-04-20,5.417,5.51
489,2012-04-23,5.497,5.457
490,2012-04-24,5.45,5.57
491,2012-04-25,5.523,5.603
492,2012-04-26,5.61,5.51
493,2012-04-27,5.527,5.503
494,2012-05-02,5.557,5.576
495,2012-05-03,5.576,5.527
496,2012-05-04,5.52,5.553
497,2012-05-07,5.52,5.517
498,2012-05-08,5.503,5.497
499,2012-05-09,5.467,5.37
500,2012-05-10,5.37,5.36
501,2012-05-11,5.36,5.324
502,2012-05-14,5.364,5.297
503,2012-05-15,5.284,5.324
504,2012-05-16,5.317,5.238
505,2012-05-17,5.251,5.297
506,2012-05-18,5.251,5.224
507,2012-05-21,5.224,5.241
508,2012-05-22,5.261,5.307
509,2012-05-24,5.277,5.221
510,2012-05-25,5.224,5.191
511,2012-05-28,5.191,5.254
512,2012-05-29,5.251,5.294
513,2012-05-30,5.271,5.218
514,2012-05-31,5.208,5.214
515,2012-06-01,5.218,5.244
516,2012-06-04,5.188,5.118
517,2012-06-05,5.131,5.071
518,2012-06-06,5.085,5.091
519,2012-06-07,5.128,5.055
520,2012-06-08,5.068,4.922
521,2012-06-11,4.935,4.915
522,2012-06-12,4.885,4.829
523,2012-06-13,4.845,4.932
524,2012-06-14,4.905,4.865
525,2012-06-15,4.889,5.038
526,2012-06-18,5.031,5.055
527,2012-06-19,5.035,5.068
528,2012-06-20,5.095,5.061
529,2012-06-21,5.058,4.952
530,2012-06-25,4.945,4.909
531,2012-06-26,4.922,4.952
532,2012-06-27,4.955,4.938
533,2012-06-28,4.938,4.895
534,2012-06-29,4.909,5.038
535,2012-07-02,5.061,5.035
536,2012-07-03,5.022,5.028
537,2012-07-04,5.028,5.078
538,2012-07-05,5.061,5.048
539,2012-07-06,4.968,5.031
540,2012-07-09,5.005,4.889
541,2012-07-10,4.892,4.955
542,2012-07-11,4.938,4.938
543,2012-07-12,4.925,4.945
544,2012-07-13,4.918,4.978
545,2012-07-16,4.985,4.935
546,2012-07-17,4.935,4.995
547,2012-07-18,4.978,4.988
548,2012-07-19,4.982,4.992
549,2012-07-20,4.942,4.935
550,2012-07-23,4.905,4.922
551,2012-07-24,4.902,4.918
552,2012-07-25,4.918,4.865
553,2012-07-26,4.865,4.869
554,2012-07-27,4.892,4.902
555,2012-07-30,4.905,4.935
556,2012-07-31,4.948,5.018
557,2012-08-01,5.012,5.038
558,2012-08-02,5.038,5.038
559,2012-08-03,5.035,5.035
560,2012-08-06,5.028,5.018
561,2012-08-07,5.015,4.972
562,2012-08-08,4.968,4.998
563,2012-08-09,4.995,4.998
564,2012-08-10,5.008,5.012
565,2012-08-13,5.018,4.995
566,2012-08-14,4.995,5.071
567,2012-08-15,5.038,5.018
568,2012-08-16,4.995,4.955
569,2012-08-17,4.955,5.005
570,2012-08-20,4.982,4.935
571,2012-08-21,4.935,4.915
572,2012-08-22,4.918,4.875
573,2012-08-23,4.879,4.859
574,2012-08-24,4.849,4.776
575,2012-08-27,4.772,4.689
576,2012-08-28,4.696,4.776
577,2012-08-29,4.752,4.746
578,2012-08-30,4.706,4.746
579,2012-08-31,4.732,4.716
580,2012-09-03,4.726,4.722
581,2012-09-04,4.722,4.609
582,2012-09-05,4.603,4.526
583,2012-09-06,4.53,4.563
584,2012-09-07,4.586,4.722
585,2012-09-10,4.719,4.676
586,2012-09-11,4.656,4.659
587,2012-09-12,4.679,4.646
588,2012-09-13,4.639,4.616
589,2012-09-14,4.646,4.669
590,2012-09-17,4.659,4.556
591,2012-09-18,4.546,4.49
592,2012-09-19,4.493,4.433
593,2012-09-20,4.423,4.324
594,2012-09-21,4.32,4.28
595,2012-09-24,4.26,4.29
596,2012-09-25,4.28,4.234
597,2012-09-26,4.237,4.201
598,2012-09-27,4.201,4.33
599,2012-09-28,4.304,4.363
600,2012-10-08,4.367,4.307
601,2012-10-09,4.32,4.417
602,2012-10-10,4.417,4.417
603,2012-10-11,4.42,4.393
604,2012-10-12,4.41,4.417
605,2012-10-15,4.42,4.354
606,2012-10-16,4.363,4.393
607,2012-10-17,4.41,4.44
608,2012-10-18,4.447,4.49
609,2012-10-19,4.494,4.497
610,2012-10-22,4.48,4.51
611,2012-10-23,4.514,4.453
612,2012-10-24,4.443,4.45
613,2012-10-25,4.46,4.423
614,2012-10-26,4.443,4.33
615,2012-10-29,4.319,4.333
616,2012-10-30,4.333,4.383
617,2012-10-31,4.393,4.407
618,2012-11-01,4.407,4.48
619,2012-11-02,4.48,4.53
620,2012-11-05,4.534,4.557
621,2012-11-06,4.55,4.547
622,2012-11-07,4.524,4.537
623,2012-11-08,4.5,4.48
624,2012-11-09,4.477,4.494
625,2012-11-12,4.484,4.561
626,2012-11-13,4.557,4.494
627,2012-11-14,4.52,4.48
628,2012-11-15,4.453,4.403
629,2012-11-16,4.386,4.386
630,2012-11-19,4.36,4.383
631,2012-11-20,4.383,4.38
632,2012-11-21,4.366,4.44
633,2012-11-22,4.433,4.403
634,2012-11-23,4.417,4.44
635,2012-11-26,4.433,4.396
636,2012-11-27,4.38,4.413
637,2012-11-28,4.393,4.383
638,2012-11-29,4.383,4.266
639,2012-11-30,4.252,4.286
640,2012-12-03,4.289,4.206
641,2012-12-04,4.206,4.252
642,2012-12-05,4.239,4.484
643,2012-12-06,4.47,4.524
644,2012-12-07,4.524,4.694
645,2012-12-10,4.738,4.795
646,2012-12-11,4.755,4.725
647,2012-12-12,4.731,4.768
648,2012-12-13,4.751,4.708
649,2012-12-14,4.701,5.083
650,2012-12-17,5.09,5.096
651,2012-12-18,5.073,5.106
652,2012-12-19,5.09,5.083
653,2012-12-20,5.056,5.059
654,2012-12-21,5.049,4.979
655,2012-12-24,4.969,4.996
656,2012-12-25,4.986,5.16
657,2012-12-26,5.157,5.147
658,2012-12-27,5.167,5.183
659,2012-12-28,5.173,5.224
660,2012-12-31,5.26,5.364
661,2013-01-04,5.465,5.354
662,2013-01-07,5.351,5.458
663,2013-01-08,5.458,5.357
664,2013-01-09,5.344,5.311
665,2013-01-10,5.311,5.314
666,2013-01-11,5.314,5.203
667,2013-01-14,5.187,5.722
668,2013-01-15,5.732,5.897
669,2013-01-16,5.897,5.967
670,2013-01-17,5.927,5.94
671,2013-01-18,5.984,6.138
672,2013-01-21,6.128,6.596
673,2013-01-22,6.516,6.858
674,2013-01-23,6.7,6.714
675,2013-01-24,6.707,6.513
676,2013-01-25,6.529,6.412
677,2013-01-28,6.416,7.055
678,2013-01-29,7.132,7.159
679,2013-01-30,7.065,7.142
680,2013-01-31,7.122,7.065
681,2013-02-01,7.038,7.51
682,2013-02-04,7.454,7.37
683,2013-02-05,7.279,7.293
684,2013-02-06,7.266,7.32
685,2013-02-07,7.266,6.981
686,2013-02-08,6.958,6.948
687,2013-02-18,7.002,6.998
688,2013-02-19,6.965,6.968
689,2013-02-20,6.981,6.797
690,2013-02-21,6.697,6.563
691,2013-02-22,6.529,6.402
692,2013-02-25,6.449,6.7
693,2013-02-26,6.633,6.981
694,2013-02-27,7.035,7.038
695,2013-02-28,7.079,7.701
696,2013-03-01,7.678,7.721
697,2013-03-04,7.517,7.283
698,2013-03-05,7.3,8.013
699,2013-03-06,8.204,8.12
700,2013-03-07,8.019,7.949
701,2013-03-08,7.969,7.654
702,2013-03-11,7.608,7.577
703,2013-03-12,7.567,7.273
704,2013-03-13,7.263,7.397
705,2013-03-14,7.366,7.256
706,2013-03-15,7.253,7.433
707,2013-03-18,7.266,7.149
708,2013-03-19,7.132,7.199
709,2013-03-20,7.176,7.735
710,2013-03-21,7.698,7.688
711,2013-03-22,7.685,7.711
712,2013-03-25,7.745,7.621
713,2013-03-26,7.564,7.413
714,2013-03-27,7.423,7.417
715,2013-03-28,7.032,6.704
716,2013-03-29,6.704,6.737
717,2013-04-01,6.764,6.827
718,2013-04-02,6.824,6.844
719,2013-04-03,6.884,6.847
720,2013-04-08,6.626,6.673
721,2013-04-09,6.693,6.677
722,2013-04-10,6.657,6.496
723,2013-04-11,6.56,6.499
724,2013-04-12,6.513,6.328
725,2013-04-15,6.342,6.215
726,2013-04-16,6.138,6.278
727,2013-04-17,6.262,6.191
728,2013-04-18,6.101,6.395
729,2013-04-19,6.362,6.777
730,2013-04-22,6.697,6.774
731,2013-04-23,6.807,6.389
732,2013-04-24,6.278,6.496
733,2013-04-25,6.362,6.305
734,2013-04-26,6.359,6.262
735,2013-05-02,6.228,6.332
736,2013-05-03,6.355,6.606
737,2013-05-06,6.643,6.801
738,2013-05-07,6.75,6.781
739,2013-05-08,6.814,6.824
740,2013-05-09,6.787,6.74
741,2013-05-10,6.697,6.76
742,2013-05-13,6.734,6.67
743,2013-05-14,6.67,6.459
744,2013-05-15,6.459,6.462
745,2013-05-16,6.432,6.801
746,2013-05-17,6.791,6.827
747,2013-05-20,6.858,7.025
748,2013-05-21,6.965,7.065
749,2013-05-22,7.065,7.085
750,2013-05-23,7.035,6.871
751,2013-05-24,6.881,6.928
752,2013-05-27,6.894,6.837
753,2013-05-28,6.837,7.233
754,2013-05-29,7.236,7.125
755,2013-05-30,7.105,7.099
756,2013-05-31,7.115,7.028
757,2013-06-03,7.008,7.002
758,2013-06-04,7.002,7.075
759,2013-06-05,7.035,6.968
760,2013-06-06,6.894,6.74
761,2013-06-07,6.74,6.539
762,2013-06-13,6.466,6.292
763,2013-06-14,6.362,6.382
764,2013-06-17,6.416,6.442
765,2013-06-18,6.513,6.606
766,2013-06-19,6.546,6.442
767,2013-06-20,6.448,6.043
768,2013-06-21,5.918,6.097
769,2013-06-24,6.005,5.486
770,2013-06-25,5.297,5.394
771,2013-06-26,5.405,5.275
772,2013-06-27,5.324,5.189
773,2013-06-28,5.135,5.389
774,2013-07-01,5.302,5.27
775,2013-07-02,5.286,5.189
776,2013-07-03,5.162,5.043
777,2013-07-04,4.983,5.065
778,2013-07-05,5.054,5.065
779,2013-07-08,4.962,4.859
780,2013-07-09,4.87,4.865
781,2013-07-10,4.87,5.081
782,2013-07-11,5.135,5.589
783,2013-07-12,5.675,5.589
784,2013-07-15,5.675,5.681
785,2013-07-16,5.594,5.61
786,2013-07-17,5.605,5.481
787,2013-07-18,5.448,5.308
788,2013-07-19,5.308,5.097
789,2013-07-22,4.989,5.092
790,2013-07-23,5.119,5.383
791,2013-07-24,5.292,5.275
792,2013-07-25,5.292,5.302
793,2013-07-26,5.248,5.21
794,2013-07-29,5.119,5.086
795,2013-07-30,5.135,5.232
796,2013-07-31,5.302,5.183
797,2013-08-01,5.264,5.362
798,2013-08-02,5.416,5.308
799,2013-08-05,5.308,5.373
800,2013-08-06,5.335,5.362
801,2013-08-07,5.34,5.367
802,2013-08-08,5.329,5.346
803,2013-08-09,5.389,5.324
804,2013-08-12,5.34,5.583
805,2013-08-13,5.573,5.675
806,2013-08-14,5.681,5.637
807,2013-08-15,5.632,5.513
808,2013-08-16,5.502,5.719
809,2013-08-19,5.524,5.832
810,2013-08-20,5.789,5.946
811,2013-08-21,5.929,5.897
812,2013-08-22,5.87,5.918
813,2013-08-23,5.918,5.74
814,2013-08-26,5.746,5.891
815,2013-08-27,5.886,5.881
816,2013-08-28,5.805,5.746
817,2013-08-29,5.837,5.751
818,2013-08-30,5.697,5.735
819,2013-09-02,5.805,5.81
820,2013-09-03,5.832,6.054
821,2013-09-04,6.032,5.989
822,2013-09-05,5.989,5.962
823,2013-09-09,6.097,6.556
824,2013-09-10,6.713,6.724
825,2013-09-11,6.702,6.859
826,2013-09-12,6.767,7.281
827,2013-09-13,7.151,7.14
828,2013-09-16,7.145,7.135
829,2013-09-17,7.108,6.913
830,2013-09-18,6.891,6.913
831,2013-09-23,6.918,6.962
832,2013-09-24,6.951,6.632
833,2013-09-25,6.583,6.502
834,2013-09-26,6.464,6.302
835,2013-09-27,6.286,6.432
836,2013-09-30,6.432,6.421
837,2013-10-08,6.421,6.6
838,2013-10-09,6.551,6.783
839,2013-10-10,6.81,6.637
840,2013-10-11,6.708,6.859
841,2013-10-14,6.81,6.751
842,2013-10-15,6.751,6.6
843,2013-10-16,6.567,6.491
844,2013-10-17,6.556,6.486
845,2013-10-18,6.491,6.594
846,2013-10-21,6.6,6.664
847,2013-10-22,6.637,6.513
848,2013-10-23,6.578,6.799
849,2013-10-24,6.816,7.027
850,2013-10-25,6.989,7.259
851,2013-10-28,7.243,7.097
852,2013-10-29,7.108,7.632
853,2013-10-30,7.567,7.783
854,2013-10-31,7.702,7.513
855,2013-11-01,7.502,7.497
856,2013-11-04,7.556,7.329
857,2013-11-05,7.189,7.383
858,2013-11-06,7.248,7.108
859,2013-11-07,7.14,7.172
860,2013-11-08,7.081,7.205
861,2013-11-11,7.205,7.243
862,2013-11-12,7.248,7.594
863,2013-11-13,7.497,7.205
864,2013-11-14,7.162,7.102
865,2013-11-15,7.124,7.221
866,2013-11-18,7.286,7.616
867,2013-11-19,7.589,7.47
868,2013-11-20,7.567,7.562
869,2013-11-21,7.497,7.535
870,2013-11-22,7.502,7.389
871,2013-11-25,7.243,7.297
872,2013-11-26,7.297,7.281
873,2013-11-27,7.248,7.335
874,2013-11-28,7.335,7.362
875,2013-11-29,7.459,7.351
876,2013-12-02,7.372,7.432
877,2013-12-03,7.394,7.318
878,2013-12-04,7.297,7.351
879,2013-12-05,7.34,7.259
880,2013-12-06,7.281,7.183
881,2013-12-09,7.189,7.129
882,2013-12-10,7.189,7.183
883,2013-12-11,7.135,6.94
884,2013-12-12,6.87,6.875
885,2013-12-13,6.854,6.783
886,2013-12-16,6.756,6.891
887,2013-12-17,6.913,6.875
888,2013-12-18,6.864,6.897
889,2013-12-19,6.908,6.756
890,2013-12-20,6.762,6.437
891,2013-12-23,6.443,6.459
892,2013-12-24,6.486,6.324
893,2013-12-25,6.324,6.335
894,2013-12-26,6.324,6.189
895,2013-12-27,6.194,6.351
896,2013-12-30,6.373,6.345
897,2013-12-31,6.34,6.621
898,2014-01-02,6.551,6.61
899,2014-01-03,6.567,6.448
900,2014-01-06,6.427,6.308
901,2014-01-07,6.232,6.286
902,2014-01-08,6.291,6.356
903,2014-01-09,6.318,6.389
904,2014-01-10,6.367,6.389
905,2014-01-13,6.378,6.27
906,2014-01-14,6.254,6.335
907,2014-01-15,6.324,6.308
908,2014-01-16,6.302,6.318
909,2014-01-17,6.281,6.205
910,2014-01-20,6.205,6.108
911,2014-01-21,6.118,6.14
912,2014-01-22,6.14,6.373
913,2014-01-23,6.362,6.324
914,2014-01-24,6.291,6.302
915,2014-01-27,6.248,6.156
916,2014-01-28,6.189,6.216
917,2014-01-29,6.237,6.248
918,2014-01-30,6.243,6.162
919,2014-02-07,6.118,6.151
920,2014-02-10,6.151,6.254
921,2014-02-11,6.232,6.486
922,2014-02-12,6.416,6.454
923,2014-02-13,6.394,6.605
924,2014-02-14,6.545,6.529
925,2014-02-17,6.54,6.47
926,2014-02-18,6.437,6.302
927,2014-02-19,6.275,6.486
928,2014-02-20,6.448,6.356
929,2014-02-21,6.389,6.27
930,2014-02-24,6.189,6.032
931,2014-02-25,6.037,5.956
932,2014-02-26,5.962,6.005
933,2014-02-27,6.027,6.075
934,2014-02-28,6.037,6.016
935,2014-03-03,5.956,5.967
936,2014-03-04,5.94,5.935
937,2014-03-05,5.886,5.783
938,2014-03-06,5.789,5.821
939,2014-03-07,5.81,5.837
940,2014-03-10,5.783,5.573
941,2014-03-11,5.573,5.535
942,2014-03-12,5.551,5.594
943,2014-03-13,5.664,5.708
944,2014-03-14,5.637,5.578
945,2014-03-17,5.627,5.659
946,2014-03-18,5.659,5.61
947,2014-03-19,5.594,5.535
948,2014-03-20,5.524,5.459
949,2014-03-21,5.443,5.832
950,2014-03-24,5.821,5.832
951,2014-03-25,5.821,5.729
952,2014-03-26,5.762,5.783
953,2014-03-27,5.751,5.821
954,2014-03-28,5.783,5.827
955,2014-03-31,5.864,5.821
956,2014-04-01,5.794,5.837
957,2014-04-02,5.832,5.897
958,2014-04-03,5.924,5.821
959,2014-04-04,5.783,5.832
960,2014-04-08,5.827,6.097
961,2014-04-09,6.091,6.048
962,2014-04-10,6.059,6.14
963,2014-04-11,6.129,6.162
964,2014-04-14,6.135,6.097
965,2014-04-15,6.059,5.929
966,2014-04-16,5.908,5.94
967,2014-04-17,5.956,5.891
968,2014-04-18,5.864,5.837
969,2014-04-21,5.81,5.778
970,2014-04-22,5.789,5.978
971,2014-04-23,5.989,6.097
972,2014-04-24,6.173,6.07
973,2014-04-25,6.07,6.081
974,2014-04-28,6.081,5.962
975,2014-04-29,5.956,6.032
976,2014-04-30,6.043,6.021
977,2014-05-05,6.0,5.94
978,2014-05-06,5.902,5.918
979,2014-05-07,5.897,5.864
980,2014-05-08,5.854,5.908
981,2014-05-09,5.908,5.973
982,2014-05-12,6.027,6.129
983,2014-05-13,6.124,6.07
984,2014-05-14,6.059,6.113
985,2014-05-15,6.108,6.048
986,2014-05-16,6.048,6.091
987,2014-05-19,6.091,6.091
988,2014-05-20,6.081,6.075
989,2014-05-21,6.054,6.124
990,2014-05-22,6.124,6.156
991,2014-05-23,6.162,6.259
992,2014-05-26,6.297,6.259
993,2014-05-27,6.232,6.259
994,2014-05-28,6.254,6.27
995,2014-05-29,6.264,6.216
996,2014-05-30,6.21,6.216
997,2014-06-03,6.216,6.221
998,2014-06-04,6.221,6.124
999,2014-06-05,6.108,6.178
1000,2014-06-06,6.183,6.151
1001,2014-06-09,6.135,6.205
1002,2014-06-10,6.227,6.351
1003,2014-06-11,6.313,6.367
1004,2014-06-12,6.328,6.387
1005,2014-06-13,6.381,6.657
1006,2014-06-16,6.617,6.663
1007,2014-06-17,6.611,6.604
1008,2014-06-18,6.604,6.486
1009,2014-06-19,6.486,6.433
1010,2014-06-20,6.427,6.479
1011,2014-06-23,6.479,6.427
1012,2014-06-24,6.433,6.446
1013,2014-06-25,6.446,6.427
1014,2014-06-26,6.387,6.459
1015,2014-06-27,6.44,6.459
1016,2014-06-30,6.446,6.519
1017,2014-07-01,6.519,6.486
1018,2014-07-02,6.486,6.505
1019,2014-07-03,6.505,6.552
1020,2014-07-04,6.558,6.519
1021,2014-07-07,6.519,6.486
1022,2014-07-08,6.473,6.532
1023,2014-07-09,6.525,6.348
1024,2014-07-10,6.354,6.361
1025,2014-07-11,6.354,6.361
1026,2014-07-14,6.367,6.394
1027,2014-07-16,6.381,6.321
1028,2014-07-17,6.315,6.308
1029,2014-07-18,6.282,6.315
1030,2014-07-21,6.315,6.282
1031,2014-07-22,6.269,6.4
1032,2014-07-23,6.381,6.42
1033,2014-07-24,6.427,6.683
1034,2014-07-25,6.709,6.723
1035,2014-07-28,6.749,7.091
1036,2014-07-29,7.117,7.117
1037,2014-07-30,7.117,7.071
1038,2014-07-31,7.071,7.15
1039,2014-08-01,7.13,7.038
1040,2014-08-04,7.038,7.19
1041,2014-08-05,7.203,7.117
1042,2014-08-06,7.071,7.005
1043,2014-08-07,7.005,6.907
1044,2014-08-08,6.926,6.933
1045,2014-08-11,6.946,7.045
1046,2014-08-12,7.005,6.973
1047,2014-08-13,6.959,7.005
1048,2014-08-14,7.025,6.933
1049,2014-08-15,6.933,6.959
1050,2014-08-18,6.966,7.005
1051,2014-08-19,7.005,6.959
1052,2014-08-20,6.953,6.887
1053,2014-08-21,6.874,6.801
1054,2014-08-22,6.769,6.808
1055,2014-08-25,6.808,6.716
1056,2014-08-26,6.703,6.703
1057,2014-08-27,6.703,6.736
1058,2014-08-28,6.736,6.677
1059,2014-08-29,6.677,6.742
1060,2014-09-01,6.736,6.775
1061,2014-09-02,6.808,6.874
1062,2014-09-03,6.887,6.907
1063,2014-09-04,6.907,6.94
1064,2014-09-05,6.94,6.953
1065,2014-09-09,6.94,6.88
1066,2014-09-10,6.841,6.795
1067,2014-09-11,6.795,6.821
1068,2014-09-12,6.821,6.821
1069,2014-09-15,6.795,6.782
1070,2014-09-16,6.788,6.742
1071,2014-09-17,6.775,6.749
1072,2014-09-18,6.716,6.795
1073,2014-09-19,6.775,6.828
1074,2014-09-22,6.795,6.617
1075,2014-09-23,6.617,6.644
1076,2014-09-24,6.624,6.762
1077,2014-09-25,6.788,6.696
1078,2014-09-26,6.683,6.657
1079,2014-09-29,6.67,6.657
1080,2014-09-30,6.67,6.67
1081,2014-10-08,6.69,6.749
1082,2014-10-09,6.749,6.709
1083,2014-10-10,6.683,6.683
1084,2014-10-13,6.657,6.644
1085,2014-10-14,6.637,6.657
1086,2014-10-15,6.65,6.683
1087,2014-10-16,6.644,6.709
1088,2014-10-17,6.709,6.657
1089,2014-10-20,6.677,6.69
1090,2014-10-21,6.67,6.637
1091,2014-10-22,6.63,6.644
1092,2014-10-23,6.657,6.736
1093,2014-10-24,6.795,6.696
1094,2014-10-27,6.644,6.591
1095,2014-10-28,6.611,6.69
1096,2014-10-29,6.703,6.775
1097,2014-10-30,6.782,6.861
1098,2014-10-31,6.907,7.255
1099,2014-11-03,7.341,7.308
1100,2014-11-04,7.334,7.137
1101,2014-11-05,7.137,7.117
1102,2014-11-06,7.117,7.13
1103,2014-11-07,7.111,7.176
1104,2014-11-10,7.269,7.328
1105,2014-11-11,7.308,7.413
1106,2014-11-12,7.361,7.367
1107,2014-11-13,7.354,7.269
1108,2014-11-14,7.236,7.19
1109,2014-11-17,7.203,7.078
1110,2014-11-18,7.065,6.979
1111,2014-11-19,6.973,6.992
1112,2014-11-20,6.959,6.992
1113,2014-11-21,6.986,7.104
1114,2014-11-24,6.979,7.091
1115,2014-11-25,7.071,7.222
1116,2014-11-26,7.229,7.374
1117,2014-11-27,7.466,7.44
1118,2014-11-28,7.413,8.183
1119,2014-12-01,8.288,8.018
1120,2014-12-02,7.985,8.63
1121,2014-12-03,8.63,8.617
1122,2014-12-04,8.643,9.183
1123,2014-12-05,9.242,9.558
1124,2014-12-08,9.347,10.018
1125,2014-12-09,9.84,9.018
1126,2014-12-10,8.946,9.334
1127,2014-12-11,9.084,9.156
1128,2014-12-12,9.143,9.169
1129,2014-12-15,9.045,8.933
1130,2014-12-16,8.88,9.465
1131,2014-12-17,9.472,10.104
1132,2014-12-18,10.136,9.794
1133,2014-12-19,9.748,9.867
1134,2014-12-22,9.801,10.09
1135,2014-12-23,9.86,9.702
1136,2014-12-24,9.696,9.255
1137,2014-12-25,9.439,9.663
1138,2014-12-26,9.61,9.933
1139,2014-12-29,10.268,9.814
1140,2014-12-30,9.821,10.196
1141,2014-12-31,10.268,10.419
1142,2015-01-05,10.518,10.538
1143,2015-01-06,10.426,10.38
1144,2015-01-07,10.235,10.182
1145,2015-01-08,10.196,9.84
1146,2015-01-09,9.801,9.919
1147,2015-01-12,9.781,9.715
1148,2015-01-13,9.637,9.656
1149,2015-01-14,9.722,9.742
1150,2015-01-15,9.768,10.097
1151,2015-01-16,10.13,10.11
1152,2015-01-19,9.216,9.097
1153,2015-01-20,9.097,9.097
1154,2015-01-21,9.13,9.485
1155,2015-01-22,9.433,9.406
1156,2015-01-23,9.446,9.472
1157,2015-01-26,9.446,9.433
1158,2015-01-27,9.439,9.202
1159,2015-01-28,9.123,9.248
1160,2015-01-29,9.091,9.143
1161,2015-01-30,9.163,9.163
1162,2015-02-02,8.946,8.966
1163,2015-02-03,9.064,9.176
1164,2015-02-04,9.209,9.018
1165,2015-02-05,9.406,9.071
1166,2015-02-06,9.005,8.887
1167,2015-02-09,8.88,8.893
1168,2015-02-10,8.873,9.058
1169,2015-02-11,9.064,9.031
1170,2015-02-12,9.045,9.117
1171,2015-02-13,9.163,9.176
1172,2015-02-16,9.176,9.156
1173,2015-02-17,9.183,9.202
1174,2015-02-25,9.235,9.077
1175,2015-02-26,9.077,9.255
1176,2015-02-27,9.248,9.202
1177,2015-03-02,9.229,9.229
1178,2015-03-03,9.196,8.946
1179,2015-03-04,8.959,8.926
1180,2015-03-05,8.88,8.801
1181,2015-03-06,8.795,8.841
1182,2015-03-09,8.86,9.308
1183,2015-03-10,9.209,9.058
1184,2015-03-11,9.071,9.117
1185,2015-03-12,9.341,9.604
1186,2015-03-13,9.801,9.86
1187,2015-03-16,9.933,10.136
1188,2015-03-17,10.202,10.13
1189,2015-03-18,10.104,10.202
1190,2015-03-19,10.182,9.992
1191,2015-03-20,9.992,10.077
1192,2015-03-23,10.084,10.15
1193,2015-03-24,10.15,10.097
1194,2015-03-25,10.051,9.808
1195,2015-03-26,9.775,9.939
1196,2015-03-27,9.933,9.919
1197,2015-03-30,10.018,10.301
1198,2015-03-31,10.551,10.36
1199,2015-04-01,10.406,10.498
1200,2015-04-02,10.584,10.393
1201,2015-04-03,10.327,10.426
1202,2015-04-07,10.623,11.057
1203,2015-04-08,11.136,11.787
1204,2015-04-09,11.807,11.84
1205,2015-04-10,11.84,13.024
1206,2015-04-13,13.533,13.167
1207,2015-04-14,13.135,12.976
1208,2015-04-15,12.976,13.254
1209,2015-04-16,13.008,13.533
1210,2015-04-17,13.931,13.477
1211,2015-04-20,13.613,12.976
1212,2015-04-21,12.992,13.183
1213,2015-04-22,13.199,13.493
1214,2015-04-23,13.517,13.262
1215,2015-04-24,12.976,12.848
1216,2015-04-27,12.904,13.071
1217,2015-04-28,13.095,13.294
1218,2015-04-29,13.262,13.254
1219,2015-04-30,13.398,13.294
1220,2015-05-04,13.294,13.151
1221,2015-05-05,13.063,12.625
1222,2015-05-06,12.594,12.514
1223,2015-05-07,12.514,12.474
1224,2015-05-08,12.506,12.617
1225,2015-05-11,12.578,12.761
1226,2015-05-12,12.721,12.705
1227,2015-05-13,12.88,12.641
1228,2015-05-14,12.737,12.649
1229,2015-05-15,12.578,12.299
1230,2015-05-18,12.1,12.084
1231,2015-05-19,12.076,12.411
1232,2015-05-20,12.745,12.53
1233,2015-05-21,12.578,12.57
1234,2015-05-22,12.665,12.952
1235,2015-05-25,13.016,13.215
1236,2015-05-26,13.238,13.23
1237,2015-05-27,13.23,13.119
1238,2015-05-28,13.135,12.339
1239,2015-05-29,12.347,12.196
1240,2015-06-01,12.204,12.657
1241,2015-06-02,12.649,12.554
1242,2015-06-03,12.554,12.602
1243,2015-06-04,12.617,13.031
1244,2015-06-05,13.294,12.976
1245,2015-06-08,12.992,13.764
1246,2015-06-09,13.82,13.517
1247,2015-06-10,13.374,13.278
1248,2015-06-11,13.278,13.119
1249,2015-06-12,13.119,13.143
1250,2015-06-15,13.159,12.673
1251,2015-06-16,12.578,12.45
1252,2015-06-17,12.602,12.522
1253,2015-06-18,12.482,12.243
1254,2015-06-19,12.14,11.646
1255,2015-06-23,11.654,11.901
1256,2015-06-24,11.941,12.036
1257,2015-06-25,12.403,11.837
1258,2015-06-26,11.654,10.962
1259,2015-06-29,11.208,10.795
1260,2015-06-30,10.779,11.575
1261,2015-07-01,11.423,11.081
1262,2015-07-02,11.065,10.946
1263,2015-07-03,11.129,10.404
1264,2015-07-06,11.384,11.049
1265,2015-07-07,10.874,11.662
1266,2015-07-08,10.994,10.5
1267,2015-07-09,10.5,11.352
1268,2015-07-10,11.025,11.829
1269,2015-07-13,11.463,11.495
1270,2015-07-14,11.304,11.041
1271,2015-07-15,10.874,10.81
1272,2015-07-16,10.826,10.826
1273,2015-07-17,10.874,11.002
1274,2015-07-20,10.986,10.826
1275,2015-07-21,10.755,10.802
1276,2015-07-22,10.739,10.763
1277,2015-07-23,10.715,10.882
1278,2015-07-24,10.89,10.651
1279,2015-07-27,10.548,9.903
1280,2015-07-28,9.704,10.046
1281,2015-07-29,10.03,10.03
1282,2015-07-30,10.038,9.76
1283,2015-07-31,9.68,9.839
1284,2015-08-03,9.712,10.205
1285,2015-08-04,10.166,10.237
1286,2015-08-05,10.19,10.022
1287,2015-08-06,9.951,9.975
1288,2015-08-07,10.038,10.038
1289,2015-08-10,10.078,10.285
1290,2015-08-11,10.277,10.221
1291,2015-08-12,10.102,10.006
1292,2015-08-13,9.959,10.006
1293,2015-08-14,10.102,10.062
1294,2015-08-17,10.038,9.983
1295,2015-08-18,9.951,9.768
1296,2015-08-19,9.632,9.736
1297,2015-08-20,9.688,9.592
1298,2015-08-21,9.473,9.155
1299,2015-08-24,8.836,8.239
1300,2015-08-25,7.841,7.531
1301,2015-08-26,7.642,7.889
1302,2015-08-27,8.088,8.597
1303,2015-08-28,8.669,8.621
1304,2015-08-31,8.526,8.812
1305,2015-09-01,8.677,9.21
1306,2015-09-02,8.9,9.425
1307,2015-09-07,9.194,8.669
1308,2015-09-08,8.661,8.757
1309,2015-09-09,8.781,8.836
1310,2015-09-10,8.757,8.796
1311,2015-09-11,8.773,8.725
1312,2015-09-14,8.749,8.653
1313,2015-09-15,8.51,8.414
1314,2015-09-16,8.43,8.677
1315,2015-09-17,8.637,8.574
1316,2015-09-18,8.629,8.605
1317,2015-09-21,8.518,8.613
1318,2015-09-22,8.621,8.725
1319,2015-09-23,8.645,8.518
1320,2015-09-24,8.566,8.526
1321,2015-09-25,8.51,8.398
1322,2015-09-28,8.406,8.382
1323,2015-09-29,8.319,8.263
1324,2015-09-30,8.279,8.351
1325,2015-10-08,8.637,8.518
1326,2015-10-09,8.558,8.677
1327,2015-10-12,8.725,8.94
1328,2015-10-13,8.916,8.86
1329,2015-10-14,8.788,8.741
1330,2015-10-15,8.717,8.892
1331,2015-10-16,8.924,8.94
1332,2015-10-19,8.972,8.964
1333,2015-10-20,8.916,9.011
1334,2015-10-21,8.987,8.932
1335,2015-10-22,8.956,9.019
1336,2015-10-23,9.067,9.131
1337,2015-10-26,9.234,9.171
1338,2015-10-27,9.155,9.139
1339,2015-10-28,9.123,8.972
1340,2015-10-29,8.995,8.972
1341,2015-10-30,8.995,9.043
1342,2015-11-02,8.972,8.868
1343,2015-11-03,8.876,8.796
1344,2015-11-04,8.82,9.306
1345,2015-11-05,9.234,9.608
1346,2015-11-06,9.569,9.863
1347,2015-11-09,9.951,10.301
1348,2015-11-10,10.19,10.15
1349,2015-11-11,10.11,9.991
1350,2015-11-12,10.03,9.871
1351,2015-11-13,9.728,9.744
1352,2015-11-16,9.656,9.823
1353,2015-11-17,9.879,9.951
1354,2015-11-18,9.919,9.887
1355,2015-11-19,9.871,9.951
1356,2015-11-20,9.951,9.991
1357,2015-11-23,9.991,9.911
1358,2015-11-24,9.879,9.776
1359,2015-11-25,9.72,9.807
1360,2015-11-26,9.839,9.736
1361,2015-11-27,9.696,9.338
1362,2015-11-30,9.33,9.346
1363,2015-12-01,9.314,9.354
1364,2015-12-02,9.314,9.959
1365,2015-12-03,9.863,9.911
1366,2015-12-04,9.799,9.648
1367,2015-12-07,9.696,9.672
1368,2015-12-08,9.608,9.521
1369,2015-12-09,9.489,9.545
1370,2015-12-10,9.513,9.521
1371,2015-12-11,9.481,9.417
1372,2015-12-14,9.338,9.608
1373,2015-12-15,9.577,9.489
1374,2015-12-16,9.537,9.465
1375,2015-12-17,9.529,9.608
1376,2015-12-18,9.577,9.736
1377,2015-12-21,9.664,9.959
1378,2015-12-22,9.951,9.895
1379,2015-12-23,9.927,9.935
1380,2015-12-24,9.919,9.823
1381,2015-12-25,9.855,9.879
1382,2015-12-28,9.895,9.537
1383,2015-12-29,9.545,9.624
1384,2015-12-30,9.624,9.632
1385,2015-12-31,9.632,9.545
1386,2016-01-04,9.553,8.995
1387,2016-01-05,8.972,9.075
1388,2016-01-06,9.091,9.179
1389,2016-01-07,9.083,8.709
1390,2016-01-08,8.924,8.852
1391,2016-01-11,8.757,8.566
1392,2016-01-12,8.621,8.605
1393,2016-01-13,8.669,8.526
1394,2016-01-14,8.43,8.574
1395,2016-01-15,8.486,8.327
1396,2016-01-18,8.231,8.287
1397,2016-01-19,8.319,8.526
1398,2016-01-20,8.518,8.39
1399,2016-01-21,8.343,8.215
1400,2016-01-22,8.279,8.279
1401,2016-01-25,8.279,8.255
1402,2016-01-26,8.215,7.857
1403,2016-01-27,7.905,7.865
1404,2016-01-28,7.817,7.714
1405,2016-01-29,7.754,7.961
1406,2016-02-01,7.945,7.801
1407,2016-02-02,7.801,7.921
1408,2016-02-03,7.841,7.841
1409,2016-02-04,7.873,7.921
1410,2016-02-05,7.929,7.897
1411,2016-02-15,7.69,7.793
1412,2016-02-16,7.833,7.969
1413,2016-02-17,7.984,8.08
1414,2016-02-18,8.104,8.032
1415,2016-02-19,8.032,7.992
1416,2016-02-22,8.064,8.191
1417,2016-02-23,8.191,8.056
1418,2016-02-24,8.008,8.08
1419,2016-02-25,8.056,7.698
1420,2016-02-26,7.777,7.793
1421,2016-02-29,7.793,7.61
1422,2016-03-01,7.658,7.722
1423,2016-03-02,7.762,8.04
1424,2016-03-03,8.032,8.048
1425,2016-03-04,8.032,8.279
1426,2016-03-07,8.239,8.231
1427,2016-03-08,8.247,8.183
1428,2016-03-09,8.072,8.096
1429,2016-03-10,8.152,8.08
1430,2016-03-11,8.04,8.088
1431,2016-03-14,8.128,8.168
1432,2016-03-15,8.183,8.215
1433,2016-03-16,8.176,8.239
1434,2016-03-17,8.247,8.295
1435,2016-03-18,8.295,8.39
1436,2016-03-21,8.398,8.597
1437,2016-03-22,8.574,8.534
1438,2016-03-23,8.526,8.518
1439,2016-03-24,8.446,8.375
1440,2016-03-25,8.367,8.43
1441,2016-03-28,8.454,8.343
1442,2016-03-29,8.367,8.303
1443,2016-03-30,8.343,8.518
1444,2016-03-31,8.526,8.47
1445,2016-04-01,8.454,8.486
1446,2016-04-05,8.454,8.518
1447,2016-04-06,8.502,8.534
1448,2016-04-07,8.534,8.43
1449,2016-04-08,8.398,8.414
1450,2016-04-11,8.438,8.534
1451,2016-04-12,8.518,8.494
1452,2016-04-13,8.542,8.605
1453,2016-04-14,8.661,8.629
1454,2016-04-15,8.629,8.661
1455,2016-04-18,8.613,8.542
1456,2016-04-19,8.574,8.574
1457,2016-04-20,8.574,8.375
1458,2016-04-21,8.375,8.367
1459,2016-04-22,8.327,8.398
1460,2016-04-25,8.406,8.359
1461,2016-04-26,8.343,8.43
1462,2016-04-27,8.422,8.414
1463,2016-04-28,8.422,8.486
1464,2016-04-29,8.47,8.414
1465,2016-05-03,8.422,8.502
1466,2016-05-04,8.502,8.534
1467,2016-05-05,8.51,8.534
1468,2016-05-06,8.542,8.375
1469,2016-05-09,8.359,8.239
1470,2016-05-10,8.231,8.183
1471,2016-05-11,8.199,8.255
1472,2016-05-12,8.207,8.263
1473,2016-05-13,8.239,8.239
1474,2016-05-16,8.215,8.247
1475,2016-05-17,8.247,8.199
1476,2016-05-18,8.191,8.199
1477,2016-05-19,8.176,8.16
1478,2016-05-20,8.152,8.199
1479,2016-05-23,8.223,8.183
1480,2016-05-24,8.176,8.128
1481,2016-05-25,8.16,8.144
1482,2016-05-26,8.136,8.136
1483,2016-05-27,8.136,8.176
1484,2016-05-30,8.16,8.183
1485,2016-05-31,8.168,8.398
1486,2016-06-01,8.367,8.343
1487,2016-06-02,8.335,8.327
1488,2016-06-03,8.335,8.359
1489,2016-06-06,8.367,8.367
1490,2016-06-07,8.375,8.375
1491,2016-06-08,8.39,8.359
1492,2016-06-13,8.327,8.223
1493,2016-06-14,8.231,8.279
1494,2016-06-15,8.223,8.311
1495,2016-06-16,8.311,8.311
1496,2016-06-17,8.311,8.32
1497,2016-06-20,8.33,8.34
1498,2016-06-21,8.349,8.349
1499,2016-06-22,8.34,8.466
1500,2016-06-23,8.408,8.398
1501,2016-06-24,8.379,8.311
1502,2016-06-27,8.311,8.349
1503,2016-06-28,8.32,8.369
1504,2016-06-29,8.369,8.427
1505,2016-06-30,8.427,8.437
1506,2016-07-01,8.427,8.446
1507,2016-07-04,8.427,8.543
1508,2016-07-05,8.534,8.543
1509,2016-07-06,8.534,8.524
1510,2016-07-07,8.524,8.514
1511,2016-07-08,8.524,8.476
1512,2016-07-11,8.485,8.485
1513,2016-07-12,8.485,8.611
1514,2016-07-13,8.611,8.718
1515,2016-07-14,8.699,8.669
1516,2016-07-15,8.679,8.718
1517,2016-07-18,8.718,8.766
1518,2016-07-19,8.766,8.699
1519,2016-07-20,8.689,8.689
1520,2016-07-21,8.679,8.718
1521,2016-07-22,8.718,8.669
1522,2016-07-25,8.66,8.708
1523,2016-07-26,8.699,8.834
1524,2016-07-27,8.844,8.737
1525,2016-07-28,8.708,8.805
1526,2016-07-29,8.805,8.922
1527,2016-08-01,8.902,8.999
1528,2016-08-02,8.96,8.97
1529,2016-08-03,8.931,8.902
1530,2016-08-04,8.892,8.718
1531,2016-08-05,8.718,8.766
1532,2016-08-08,8.766,8.834
1533,2016-08-09,8.815,8.873
1534,2016-08-10,8.873,8.863
1535,2016-08-11,8.863,8.941
1536,2016-08-12,8.922,9.213
1537,2016-08-15,9.261,9.387
1538,2016-08-16,9.387,9.232
1539,2016-08-17,9.232,9.261
1540,2016-08-18,9.271,9.213
1541,2016-08-19,9.203,9.222
1542,2016-08-22,9.213,9.116
1543,2016-08-23,9.096,9.116
1544,2016-08-24,9.125,9.145
1545,2016-08-25,9.135,9.154
1546,2016-08-26,9.164,9.164
1547,2016-08-29,9.125,9.135
1548,2016-08-30,9.135,9.183
1549,2016-08-31,9.174,9.203
1550,2016-09-01,9.203,9.164
1551,2016-09-02,9.145,9.164
1552,2016-09-05,9.174,9.135
1553,2016-09-06,9.135,9.125
1554,2016-09-07,9.125,9.116
1555,2016-09-08,9.106,9.116
1556,2016-09-09,9.116,9.096
1557,2016-09-12,9.009,8.883
1558,2016-09-13,8.902,8.912
1559,2016-09-14,8.892,8.786
1560,2016-09-19,8.776,8.844
1561,2016-09-20,8.844,8.805
1562,2016-09-21,8.805,8.805
1563,2016-09-22,8.825,8.883
1564,2016-09-23,8.883,8.873
1565,2016-09-26,8.854,8.766
1566,2016-09-27,8.766,8.786
1567,2016-09-28,8.786,8.776
1568,2016-09-29,8.776,8.786
1569,2016-09-30,8.786,8.796
1570,2016-10-10,8.825,8.844
1571,2016-10-11,8.854,8.873
1572,2016-10-12,8.863,8.854
1573,2016-10-13,8.805,8.796
1574,2016-10-14,8.786,8.815
1575,2016-10-17,8.805,8.776
1576,2016-10-18,8.757,8.815
1577,2016-10-19,8.815,8.805
1578,2016-10-20,8.805,8.796
1579,2016-10-21,8.805,8.854
1580,2016-10-24,8.854,8.96
1581,2016-10-25,8.97,8.931
1582,2016-10-26,8.941,8.873
1583,2016-10-27,8.883,8.883
1584,2016-10-28,8.883,8.892
1585,2016-10-31,8.873,8.873
1586,2016-11-01,8.863,8.863
1587,2016-11-02,8.863,8.796
1588,2016-11-03,8.786,8.854
1589,2016-11-04,8.834,8.834
1590,2016-11-07,8.825,8.844
1591,2016-11-08,8.844,8.873
1592,2016-11-09,8.863,8.796
1593,2016-11-10,8.825,8.863
1594,2016-11-11,8.863,8.902
1595,2016-11-14,8.883,8.941
1596,2016-11-15,8.922,8.951
1597,2016-11-16,8.951,8.951
1598,2016-11-17,8.941,8.931
1599,2016-11-18,8.931,8.902
1600,2016-11-21,8.902,8.96
1601,2016-11-22,8.96,9.077
1602,2016-11-23,9.057,9.164
1603,2016-11-24,9.154,9.183
1604,2016-11-25,9.193,9.329
1605,2016-11-28,9.397,9.339
1606,2016-11-29,9.3,9.329
1607,2016-11-30,9.358,9.261
1608,2016-12-01,9.28,9.309
1609,2016-12-02,9.309,9.261
1610,2016-12-05,9.213,9.174
1611,2016-12-06,9.193,9.203
1612,2016-12-07,9.193,9.193
1613,2016-12-08,9.213,9.232
1614,2016-12-09,9.213,9.358
1615,2016-12-12,9.358,9.213
1616,2016-12-13,9.193,9.135
1617,2016-12-14,9.135,9.116
1618,2016-12-15,9.086,8.97
1619,2016-12-16,8.96,8.97
1620,2016-12-19,8.941,8.922
1621,2016-12-20,8.922,8.834
1622,2016-12-21,8.844,8.883
1623,2016-12-22,8.873,8.863
1624,2016-12-23,8.863,8.805
1625,2016-12-26,8.786,8.844
1626,2016-12-27,8.844,8.805
1627,2016-12-28,8.805,8.786
1628,2016-12-29,8.796,8.805
1629,2016-12-30,8.805,8.825
1630,2017-01-03,8.834,8.883
1631,2017-01-04,8.873,8.883
1632,2017-01-05,8.892,8.892
1633,2017-01-06,8.892,8.854
1634,2017-01-09,8.854,8.873
1635,2017-01-10,8.873,8.873
1636,2017-01-11,8.863,8.863
1637,2017-01-12,8.854,8.873
1638,2017-01-13,8.863,8.883
1639,2017-01-16,8.873,8.863
1640,2017-01-17,8.844,8.873
1641,2017-01-18,8.863,8.892
1642,2017-01-19,8.873,8.902
1643,2017-01-20,8.892,8.941
1644,2017-01-23,8.941,8.941
1645,2017-01-24,8.951,8.989
1646,2017-01-25,8.989,8.98
1647,2017-01-26,8.989,9.048
1648,2017-02-03,9.057,8.98
1649,2017-02-06,8.98,9.028
1650,2017-02-07,9.028,9.019
1651,2017-02-08,9.009,9.019
1652,2017-02-09,9.019,9.028
1653,2017-02-10,9.038,9.048
1654,2017-02-13,9.057,9.125
1655,2017-02-14,9.125,9.116
1656,2017-02-15,9.116,9.164
1657,2017-02-16,9.164,9.174
1658,2017-02-17,9.174,9.106
1659,2017-02-20,9.116,9.271
1660,2017-02-21,9.261,9.28
1661,2017-02-22,9.28,9.28
1662,2017-02-23,9.261,9.222
1663,2017-02-24,9.213,9.213
1664,2017-02-27,9.213,9.145
1665,2017-02-28,9.145,9.193
1666,2017-03-01,9.203,9.203
1667,2017-03-02,9.222,9.145
1668,2017-03-03,9.125,9.116
1669,2017-03-06,9.116,9.164
1670,2017-03-07,9.154,9.164
1671,2017-03-08,9.145,9.135
1672,2017-03-09,9.125,9.096
1673,2017-03-10,9.096,9.116
1674,2017-03-13,9.106,9.154
1675,2017-03-14,9.145,9.154
1676,2017-03-15,9.135,9.193
1677,2017-03-16,9.193,9.232
1678,2017-03-17,9.164,9.028
1679,2017-03-20,9.009,8.97
1680,2017-03-21,8.97,8.96
1681,2017-03-22,8.922,8.883
1682,2017-03-23,8.883,8.922
1683,2017-03-24,8.922,8.912
1684,2017-03-27,8.844,8.863
1685,2017-03-28,8.883,8.844
1686,2017-03-29,8.854,8.834
1687,2017-03-30,8.844,8.805
1688,2017-03-31,8.805,8.892
1689,2017-04-05,8.883,8.931
1690,2017-04-06,8.922,8.922
1691,2017-04-07,8.912,8.922
1692,2017-04-10,8.922,8.902
1693,2017-04-11,8.892,8.873
1694,2017-04-12,8.883,8.844
1695,2017-04-13,8.834,8.844
1696,2017-04-14,8.834,8.805
1697,2017-04-17,8.805,8.825
1698,2017-04-18,8.815,8.776
1699,2017-04-19,8.757,8.64
1700,2017-04-20,8.631,8.65
1701,2017-04-21,8.65,8.699
1702,2017-04-24,8.699,8.66
1703,2017-04-25,8.66,8.728
1704,2017-04-26,8.728,8.718
1705,2017-04-27,8.699,8.699
1706,2017-04-28,8.689,8.718
1707,2017-05-02,8.689,8.669
1708,2017-05-03,8.65,8.64
1709,2017-05-04,8.621,8.476
1710,2017-05-05,8.476,8.369
1711,2017-05-08,8.34,8.311
1712,2017-05-09,8.301,8.379
1713,2017-05-10,8.369,8.408
1714,2017-05-11,8.388,8.437
1715,2017-05-12,8.417,8.631
1716,2017-05-15,8.621,8.592
1717,2017-05-16,8.572,8.572
1718,2017-05-17,8.543,8.505
1719,2017-05-18,8.456,8.466
1720,2017-05-19,8.476,8.427
1721,2017-05-22,8.417,8.417
1722,2017-05-23,8.408,8.524
1723,2017-05-24,8.514,8.543
1724,2017-05-25,8.524,8.825
1725,2017-05-26,8.805,8.825
1726,2017-05-31,8.825,8.922
1727,2017-06-01,8.922,8.912
1728,2017-06-02,8.902,8.892
1729,2017-06-05,8.854,8.757
1730,2017-06-06,8.737,8.766
1731,2017-06-07,8.747,8.854
1732,2017-06-08,8.834,8.854
1733,2017-06-09,8.873,8.873
1734,2017-06-12,8.873,8.834
1735,2017-06-13,8.834,8.844
1736,2017-06-14,8.844,8.805
1737,2017-06-15,8.805,8.766
1738,2017-06-16,8.766,8.747
1739,2017-06-19,8.757,8.854
1740,2017-06-20,8.844,8.844
1741,2017-06-21,8.892,8.873
1742,2017-06-22,8.873,8.97
1743,2017-06-23,8.951,8.97
1744,2017-06-26,8.98,9.019
1745,2017-06-27,9.019,9.077
1746,2017-06-28,9.067,9.145
1747,2017-06-29,9.145,9.145
1748,2017-06-30,9.116,9.106
1749,2017-07-03,9.116,9.116
1750,2017-07-04,9.116,9.057
1751,2017-07-05,9.009,9.086
1752,2017-07-06,9.077,9.116
1753,2017-07-07,9.086,9.183
1754,2017-07-10,9.164,9.3
1755,2017-07-11,9.319,9.94
1756,2017-07-12,9.959,10.027
1757,2017-07-13,9.988,10.57
1758,2017-07-14,10.483,10.57
1759,2017-07-17,10.619,10.483
1760,2017-07-18,10.425,10.716
1761,2017-07-19,10.657,10.754
1762,2017-07-20,10.745,10.638
1763,2017-07-21,10.658,10.717
1764,2017-07-24,10.648,10.776
1765,2017-07-25,10.805,10.825
1766,2017-07-26,10.746,10.569
1767,2017-07-27,10.55,10.422
1768,2017-07-28,10.441,10.569
1769,2017-07-31,10.628,10.5
1770,2017-08-01,10.471,10.865
1771,2017-08-02,10.874,10.973
1772,2017-08-03,10.963,10.835
1773,2017-08-04,10.825,10.992
1774,2017-08-07,10.884,10.825
1775,2017-08-08,10.825,10.874
1776,2017-08-09,10.786,10.559
1777,2017-08-10,10.53,10.451
1778,2017-08-11,10.313,9.861
1779,2017-08-14,9.969,10.058
1780,2017-08-15,10.077,10.146
1781,2017-08-16,10.126,10.176
1782,2017-08-17,10.185,10.254
1783,2017-08-18,10.195,10.274
1784,2017-08-21,10.264,10.294
1785,2017-08-22,10.313,10.481
1786,2017-08-23,10.461,10.727
1787,2017-08-24,10.717,10.756
1788,2017-08-25,10.766,10.933
1789,2017-08-28,10.924,11.17
1790,2017-08-29,11.12,11.484
1791,2017-08-30,11.494,11.248
1792,2017-08-31,11.209,11.101
1793,2017-09-01,11.101,11.032
1794,2017-09-04,11.002,11.534
1795,2017-09-05,11.494,11.455
1796,2017-09-06,11.406,11.514
1797,2017-09-07,11.465,11.258
1798,2017-09-08,11.278,11.307
1799,2017-09-11,11.357,11.199
1800,2017-09-12,11.199,11.357
1801,2017-09-13,11.307,11.248
1802,2017-09-14,11.248,11.14
1803,2017-09-15,11.111,11.111
1804,2017-09-18,11.071,11.071
1805,2017-09-19,11.071,10.953
1806,2017-09-20,10.963,11.111
1807,2017-09-21,11.081,11.278
1808,2017-09-22,11.248,11.258
1809,2017-09-25,11.258,11.111
1810,2017-09-26,11.081,10.874
1811,2017-09-27,10.835,10.756
1812,2017-09-28,10.805,10.707
1813,2017-09-29,10.746,10.933
1814,2017-10-09,11.386,11.12
1815,2017-10-10,11.15,11.288
1816,2017-10-11,11.298,11.347
1817,2017-10-12,11.357,11.366
1818,2017-10-13,11.376,11.179
1819,2017-10-16,11.179,11.406
1820,2017-10-17,11.435,11.327
1821,2017-10-18,11.347,11.504
1822,2017-10-19,11.455,11.445
1823,2017-10-20,11.406,11.298
1824,2017-10-23,11.209,11.012
1825,2017-10-24,11.022,11.209
1826,2017-10-25,11.179,11.091
1827,2017-10-26,11.071,11.002
1828,2017-10-27,11.012,11.376
1829,2017-10-30,11.366,11.376
1830,2017-10-31,11.366,11.357
1831,2017-11-01,11.376,11.219
1832,2017-11-02,11.179,11.357
1833,2017-11-03,11.307,11.209
1834,2017-11-06,11.238,11.101
1835,2017-11-07,11.091,11.731
1836,2017-11-08,11.809,11.937
1837,2017-11-09,12.006,12.134
1838,2017-11-10,12.173,12.104
1839,2017-11-13,12.154,12.695
1840,2017-11-14,12.744,12.744
1841,2017-11-15,12.695,12.695
1842,2017-11-16,12.695,12.892
1843,2017-11-17,12.961,12.97
1844,2017-11-20,12.921,14.023
1845,2017-11-21,13.846,14.22
1846,2017-11-22,14.25,14.86
1847,2017-11-23,14.909,14.122
1848,2017-11-24,14.063,14.329
1849,2017-11-27,14.073,13.709
1850,2017-11-28,13.63,13.482
1851,2017-11-29,13.512,13.6
1852,2017-11-30,13.482,13.167
1853,2017-12-01,13.187,12.793
1854,2017-12-04,12.843,13.089
1855,2017-12-05,12.941,13.089
1856,2017-12-06,13.049,12.872
1857,2017-12-07,12.843,12.626
1858,2017-12-08,12.685,12.882
1859,2017-12-11,12.872,13.285
1860,2017-12-12,13.187,12.813
1861,2017-12-13,12.793,12.921
1862,2017-12-14,12.941,12.793
1863,2017-12-15,12.695,12.518
1864,2017-12-18,12.528,12.547
1865,2017-12-19,12.587,13.069
1866,2017-12-20,12.99,13.049
1867,2017-12-21,12.97,13.325
1868,2017-12-22,13.285,13.305
1869,2017-12-25,13.305,13.039
1870,2017-12-26,13.049,13.443
1871,2017-12-27,13.364,13.079
1872,2017-12-28,13.069,13.0
1873,2017-12-29,13.0,13.089
1874,2018-01-02,13.138,13.482
1875,2018-01-03,13.512,13.118
1876,2018-01-04,13.108,13.039
1877,2018-01-05,13.0,13.089
1878,2018-01-08,13.039,12.754
1879,2018-01-09,12.754,12.872
1880,2018-01-10,12.833,13.256
1881,2018-01-11,13.197,13.187
1882,2018-01-12,13.236,13.335
1883,2018-01-15,13.295,13.974
1884,2018-01-16,13.945,13.974
1885,2018-01-17,14.102,14.004
1886,2018-01-18,14.171,14.486
1887,2018-01-19,14.565,14.565
1888,2018-01-22,14.368,14.21
1889,2018-01-23,14.132,14.417
1890,2018-01-24,14.427,14.407
1891,2018-01-25,14.22,13.974
1892,2018-01-26,13.955,13.827
1893,2018-01-29,13.827,13.522
1894,2018-01-30,13.482,13.433
1895,2018-01-31,13.384,13.827
1896,2018-02-01,13.728,13.807
1897,2018-02-02,13.689,13.827
1898,2018-02-05,13.581,14.319
1899,2018-02-06,14.004,13.777
1900,2018-02-07,13.994,12.715
1901,2018-02-08,12.626,12.341
1902,2018-02-09,11.888,11.504
1903,2018-02-12,11.593,11.534
1904,2018-02-13,11.681,11.75
1905,2018-02-14,11.77,11.809
1906,2018-02-22,12.055,12.262
1907,2018-02-23,12.38,12.41
1908,2018-02-26,12.567,12.429
1909,2018-02-27,12.439,12.085
1910,2018-02-28,11.908,11.858
1911,2018-03-01,11.731,11.849
1912,2018-03-02,11.731,11.76
1913,2018-03-05,11.74,11.671
1914,2018-03-06,11.76,11.908
1915,2018-03-07,11.957,11.858
1916,2018-03-08,11.858,11.918
1917,2018-03-09,11.957,11.898
1918,2018-03-12,11.957,11.839
1919,2018-03-13,11.849,11.829
1920,2018-03-14,11.79,11.731
1921,2018-03-15,11.603,11.524
1922,2018-03-16,11.534,11.455
1923,2018-03-19,11.475,11.642
1924,2018-03-20,11.553,11.632
1925,2018-03-21,11.76,11.711
1926,2018-03-22,11.711,11.475
1927,2018-03-23,11.071,11.16
1928,2018-03-26,10.973,10.756
1929,2018-03-27,10.924,10.766
1930,2018-03-28,10.678,10.717
1931,2018-03-29,10.746,10.874
1932,2018-03-30,10.865,10.727
1933,2018-04-02,10.697,10.54
1934,2018-04-03,10.432,10.392
1935,2018-04-04,10.51,10.697
1936,2018-04-09,10.628,10.845
1937,2018-04-10,10.845,11.238
1938,2018-04-11,11.209,11.642
1939,2018-04-12,11.612,11.337
1940,2018-04-13,11.455,11.386
1941,2018-04-16,11.288,10.924
1942,2018-04-17,10.943,11.032
1943,2018-04-18,11.268,11.317
1944,2018-04-19,11.337,11.288
1945,2018-04-20,11.327,11.17
1946,2018-04-23,11.12,11.386
1947,2018-04-24,11.445,11.671
1948,2018-04-25,11.573,11.494
1949,2018-04-26,11.475,11.238
1950,2018-04-27,11.307,10.678
1951,2018-05-02,10.796,10.707
1952,2018-05-03,10.687,10.579
1953,2018-05-04,10.559,10.51
1954,2018-05-07,10.53,10.638
1955,2018-05-08,10.658,10.835
1956,2018-05-09,10.805,10.796
1957,2018-05-10,10.855,10.835
1958,2018-05-11,10.865,10.835
1959,2018-05-14,10.914,11.002
1960,2018-05-15,11.002,10.943
1961,2018-05-16,10.894,10.727
1962,2018-05-17,10.737,10.648
1963,2018-05-18,10.638,10.786
1964,2018-05-21,10.894,10.776
1965,2018-05-22,10.776,10.687
1966,2018-05-23,10.648,10.481
1967,2018-05-24,10.491,10.441
1968,2018-05-25,10.441,10.422
1969,2018-05-28,10.412,10.422
1970,2018-05-29,10.412,10.215
1971,2018-05-30,10.126,9.92
1972,2018-05-31,9.949,10.018
1973,2018-06-01,9.989,10.028
1974,2018-06-04,10.067,10.107
1975,2018-06-05,10.126,10.097
1976,2018-06-06,10.087,9.979
1977,2018-06-07,10.038,10.205
1978,2018-06-08,10.166,9.959
1979,2018-06-11,9.9,9.88
1980,2018-06-12,9.871,9.9
1981,2018-06-13,9.88,9.792
1982,2018-06-14,9.792,9.91
1983,2018-06-15,9.92,10.008
1984,2018-06-19,9.89,9.713
1985,2018-06-20,9.713,9.752
1986,2018-06-21,9.772,9.703
1987,2018-06-22,9.644,9.693
1988,2018-06-25,9.752,9.31
1989,2018-06-26,9.241,9.211
1990,2018-06-27,9.162,8.946
1991,2018-06-28,8.808,8.778
1992,2018-06-29,8.867,8.946
1993,2018-07-02,8.906,8.473
1994,2018-07-03,8.552,8.532
1995,2018-07-04,8.493,8.473
1996,2018-07-05,8.483,8.463
1997,2018-07-06,8.473,8.522
1998,2018-07-09,8.552,8.886
1999,2018-07-10,8.877,8.837
2000,2018-07-11,8.621,8.64
2001,2018-07-12,8.6,8.88
2002,2018-07-13,8.92,8.88
2003,2018-07-16,8.85,8.73
2004,2018-07-17,8.74,8.72
2005,2018-07-18,8.75,8.7
2006,2018-07-19,8.75,8.73
2007,2018-07-20,8.73,9.11
2008,2018-07-23,9.04,9.42
2009,2018-07-24,9.39,9.4
2010,2018-07-25,9.44,9.38
2011,2018-07-26,9.4,9.25
2012,2018-07-27,9.3,9.25
2013,2018-07-30,9.32,9.39
2014,2018-07-31,9.37,9.42
2015,2018-08-01,9.42,9.15
2016,2018-08-02,9.13,8.94
2017,2018-08-03,8.93,8.91
2018,2018-08-06,8.94,8.94
2019,2018-08-07,8.96,9.17
2020,2018-08-08,9.16,9.05
2021,2018-08-09,9.04,9.29
2022,2018-08-10,9.3,9.23
2023,2018-08-13,9.12,9.05
2024,2018-08-14,9.03,9.0
2025,2018-08-15,9.02,8.79
2026,2018-08-16,8.73,8.78
2027,2018-08-17,8.88,8.81
2028,2018-08-20,8.9,9.0
2029,2018-08-21,9.02,9.23
2030,2018-08-22,9.24,9.29
2031,2018-08-23,9.3,9.36
2032,2018-08-24,9.31,10.03
2033,2018-08-27,10.02,10.43
2034,2018-08-28,10.34,10.29
2035,2018-08-29,10.25,10.27
2036,2018-08-30,10.27,10.12
2037,2018-08-31,10.13,10.13
2038,2018-09-03,10.09,10.19
2039,2018-09-04,10.2,10.43
2040,2018-09-05,10.3,10.05
2041,2018-09-06,10.05,9.97
2042,2018-09-07,10.04,10.01
2043,2018-09-10,10.01,9.88
2044,2018-09-11,9.9,9.91
2045,2018-09-12,9.87,9.88
2046,2018-09-13,10.09,9.96
2047,2018-09-14,9.98,9.84
2048,2018-09-17,9.8,9.69
2049,2018-09-18,9.73,10.08
2050,2018-09-19,10.03,10.24
2051,2018-09-20,10.27,10.23
2052,2018-09-21,10.26,10.67
2053,2018-09-25,10.52,10.55
2054,2018-09-26,10.61,10.71
2055,2018-09-27,10.65,10.74
2056,2018-09-28,10.78,11.05
2057,2018-10-08,10.7,10.45
2058,2018-10-09,10.46,10.56
2059,2018-10-10,10.54,10.45
2060,2018-10-11,10.05,9.86
2061,2018-10-12,9.97,10.3
2062,2018-10-15,10.39,10.11
2063,2018-10-16,10.14,10.37
2064,2018-10-17,10.5,10.33
2065,2018-10-18,10.29,10.09
2066,2018-10-19,9.95,10.76
2067,2018-10-22,10.81,11.15
2068,2018-10-23,11.2,10.84
2069,2018-10-24,10.9,11.04
2070,2018-10-25,10.8,11.29
2071,2018-10-26,11.29,11.18
2072,2018-10-29,11.2,10.75
2073,2018-10-30,10.78,10.9
2074,2018-10-31,10.95,10.91
2075,2018-11-01,10.99,10.83
2076,2018-11-02,11.04,11.09
2077,2018-11-05,10.95,10.92
2078,2018-11-06,10.87,10.84
2079,2018-11-07,10.83,10.81
2080,2018-11-08,10.88,10.89
2081,2018-11-09,10.71,10.55
2082,2018-11-12,10.46,10.56
2083,2018-11-13,10.41,10.54
2084,2018-11-14,10.53,10.44
2085,2018-11-15,10.44,10.62
2086,2018-11-16,10.61,10.57
2087,2018-11-19,10.57,10.85
2088,2018-11-20,10.75,10.57
2089,2018-11-21,10.5,10.61
